image_name,x_min,y_min,x_max,y_max,class_name
000000_jpg.rf.beffaf3b548106ccf1da5dc629bc9504.jpg,75,278,130,294,metal
000000_jpg.rf.beffaf3b548106ccf1da5dc629bc9504.jpg,155,31,181,56,metal
000000_JPG.rf.d3371cb3d63a59c5ba6730368b7905af.jpg,840,1122,1568,2074,plastic
000000_jpg.rf.e662cb85f63817325956fea222d0990f.jpg,78,97,352,246,plastic
000000_jpg.rf.ee75fdf06813399a8376c6ff7056423a.jpg,687,1213,904,1432,plastic
000001_jpg.rf.3b10b06a0479e6c9e52202033c95d203.jpg,115,110,330,341,plastic
000001_jpg.rf.42c4ba88119aae9d425f5c004cb2ce0d.jpg,812,732,1298,978,plastic
000001_jpg.rf.a23b83dbda863601c92725ae9ba3bab7.jpg,143,265,177,291,plastic
000001_JPG.rf.ccfdd243a78a6cfa119be0349d18c0ed.jpg,1099,2357,1439,2736,glass
000001_JPG.rf.ccfdd243a78a6cfa119be0349d18c0ed.jpg,740,308,1368,612,glass
000002_jpg.rf.ba12a4ce95a3dd81818a5e373efe28be.jpg,154,220,241,253,plastic
000002_jpg.rf.cc63f3f198e4bafa011b425d63252066.jpg,95,7,365,328,paper
000003_JPG.rf.94d22bad4e3f02b1bef15f769561cd9e.jpg,688,227,1890,938,glass
000003_JPG.rf.94d22bad4e3f02b1bef15f769561cd9e.jpg,2055,827,2801,1391,plastic
000003_jpg.rf.9977c8a2ac9cb00ea0f60901a4b77333.jpg,156,228,211,284,glass
000003_jpg.rf.9ca0e5925486fa97540b07414ea9b277.jpg,127,139,274,295,paper
000003_jpg.rf.cf210b41c1d6dfa4e817572b3eae08b6.jpg,678,1101,1002,1310,paper
000004_jpg.rf.2b05f74aef4b9075fc4850b59e2cb840.jpg,43,55,364,375,plastic
000004_jpg.rf.a08d4635ed056a7cc41f66fefa9eccc4.jpg,197,194,277,238,glass
000004_jpg.rf.bc8c3c9f203da611f150d441db9ac7ae.jpg,643,45,748,141,metal
000005_jpg.rf.003793a128998b50c820a5951d5a5ba5.jpg,786,531,938,805,plastic
000005_JPG.rf.216ea83ee4d2dd49c9633c1367894151.jpg,755,1512,2145,2575,paper
000005_jpg.rf.2e2ec7a6579289fe5714bdb2753880b4.jpg,145,245,214,287,plastic
000005_jpg.rf.64c6c9f622771b349148c96d537e8ff5.jpg,145,198,254,288,plastic
000006_jpg.rf.0c45474870c2a5df516344df31448c15.jpg,159,154,197,189,paper
000006_jpg.rf.33a70c1d2244237b53e6924046000d26.jpg,502,107,1022,1483,glass
000006_jpg.rf.6748007ba9263baa2c6a7961da13e343.jpg,28,245,272,407,plastic
000006_JPG.rf.9b7b9fcb1ec280c54ddf5eafa9a0ba02.jpg,1240,1341,1844,2031,plastic
000007_JPG.rf.a40debf74b3f5228742cd22b8ea9ce08.jpg,1145,1650,1430,1970,metal
000007_jpg.rf.aacac0039250183e0db8e195ab9a1e9f.jpg,25,131,366,286,plastic
000007_jpg.rf.c1aa0a792a4edb7de41bcc9a00738a8a.jpg,719,127,1010,745,metal
000007_jpg.rf.c1aa0a792a4edb7de41bcc9a00738a8a.jpg,796,1,1040,142,glass
000007_jpg.rf.dd0bfb8e733e43961547eec533fea3b8.jpg,281,150,330,184,plastic
000007_jpg.rf.dd0bfb8e733e43961547eec533fea3b8.jpg,111,126,189,154,paper
000007_jpg.rf.dd0bfb8e733e43961547eec533fea3b8.jpg,271,275,329,339,paper
000008_jpg.rf.581796408fb44c037aa30c62dd8400c5.jpg,159,160,308,272,metal
000008_jpg.rf.a24ec77372a4a2d8f9cd694ffec10c9a.jpg,125,289,184,313,paper
000008_jpg.rf.aebe91f54e904a647432057275ae9403.jpg,740,427,1395,666,paper
000008_jpg.rf.aebe91f54e904a647432057275ae9403.jpg,152,677,1431,1986,paper
000008_JPG.rf.b7fd07c74e94aeda797b5469cb78809a.jpg,1229,1417,1963,2146,paper
000008_JPG.rf.b7fd07c74e94aeda797b5469cb78809a.jpg,453,870,1459,1651,paper
000009_jpg.rf.8434a803f417f51fe5ebe4f6b9697cce.jpg,280,252,353,340,plastic
000009_JPG.rf.ae53b7d399c8fa7b5a4d80c2c59d92ed.jpg,1642,390,2374,1293,metal
000009_JPG.rf.ae53b7d399c8fa7b5a4d80c2c59d92ed.jpg,554,1070,1383,1760,paper
000009_JPG.rf.ae53b7d399c8fa7b5a4d80c2c59d92ed.jpg,544,408,1349,1046,plastic
000009_jpg.rf.c6c0c6c8403228f34ac9b2e13fb43904.jpg,151,237,202,285,paper
000010_jpg.rf.69db314ea2d581e398dbbc6b0477b22a.jpg,32,126,302,298,plastic
000010_jpg.rf.6c2f5a56db2ee454cac569cf9b78437a.jpg,78,106,201,188,paper
000010_JPG.rf.80b3f35a4216f2c10fe1457f402994bf.jpg,1355,1277,1815,1706,plastic
000010_JPG.rf.80b3f35a4216f2c10fe1457f402994bf.jpg,1844,1449,2390,2024,plastic
000010_jpg.rf.d731a0e01f49ec0a95a0f3a1b10ef155.jpg,613,980,1128,1360,plastic
000011_jpg.rf.5ce2ed4dcf441076fc5244f22aedb9b7.jpg,494,1149,793,1307,metal
000011_jpg.rf.6559a6761a9fef22596aaea88cde3747.jpg,196,212,236,270,plastic
000011_jpg.rf.8b7fff6ea8f7330e402b6a7757b1866b.jpg,122,144,208,212,metal
000012_JPG.rf.2c4c735b011d8b107a71fea25fa2e7cd.jpg,1106,1065,1401,1422,paper
000012_jpg.rf.5054aa20e9cbd6b10b821db6b300ac0c.jpg,181,213,211,240,plastic
000012_jpg.rf.c50f074f2cd7a6b5362f0c6f98300848.jpg,44,2,146,204,plastic
000012_jpg.rf.c50f074f2cd7a6b5362f0c6f98300848.jpg,218,194,355,322,plastic
000012_jpg.rf.fb1054104801ab389977b568bde7e0ce.jpg,360,1113,813,1442,glass
000013_jpg.rf.276a38f9b9f8e84d3f72cc9cabba0cfc.jpg,95,148,408,325,glass
000013_jpg.rf.276a38f9b9f8e84d3f72cc9cabba0cfc.jpg,37,185,102,284,plastic
000013_jpg.rf.29e141f4c018605414d7abd5ec4740e9.jpg,108,229,186,287,metal
000013_jpg.rf.9ba00883de5b5dd801c272cce5818c89.jpg,787,1116,1040,1498,glass
000013_JPG.rf.da886096a055f2b459a99d202eb3fdbf.jpg,1016,1317,1402,1636,plastic
000014_jpg.rf.38b062b115e46087392c4a6a42009aa3.jpg,366,1013,690,1292,plastic
000014_jpg.rf.38b062b115e46087392c4a6a42009aa3.jpg,669,1042,890,1251,metal
000014_jpg.rf.38b062b115e46087392c4a6a42009aa3.jpg,816,983,1237,1221,paper
000014_JPG.rf.7b43c4e66af30c5b5e9914628b7a92e1.jpg,738,1497,1212,2305,plastic
000014_jpg.rf.927348ca51d74a05e3c578fcce761d33.jpg,221,176,250,239,plastic
000014_jpg.rf.ea60de2dbaca4cb3980931bc035b65b9.jpg,183,120,294,200,metal
000015_jpg.rf.8a658891a7ac82f12000145ec489cf4c.jpg,61,56,144,120,plastic
000015_jpg.rf.8a658891a7ac82f12000145ec489cf4c.jpg,255,277,393,412,plastic
000015_JPG.rf.df7d83766fb301cd8635988698f82196.jpg,1192,1650,1797,2136,paper
000015_jpg.rf.eebd5ba151182f6edadd573ffdf6fe85.jpg,784,1042,1043,1257,metal
000015_jpg.rf.eebd5ba151182f6edadd573ffdf6fe85.jpg,1307,1354,1537,1642,plastic
000015_jpg.rf.f1be72fdd82f24951e7abf8c86b9dbeb.jpg,89,238,108,273,glass
000015_jpg.rf.f1be72fdd82f24951e7abf8c86b9dbeb.jpg,372,187,381,204,plastic
000015_jpg.rf.f1be72fdd82f24951e7abf8c86b9dbeb.jpg,172,354,218,402,paper
000016_jpg.rf.44f83f63a4ab9ab4519ff90f087397c4.jpg,569,933,1046,1148,glass
000016_jpg.rf.62a0c2e7104b1c47655ff1d0bc5890dd.jpg,86,30,302,367,paper
000016_jpg.rf.73e85f3f95f7bdba3be928f90b7586f5.jpg,229,175,265,202,metal
000016_JPG.rf.9a8b06d326724914d88ff7bf7e59a19b.jpg,1049,1470,1616,2003,plastic
000016_JPG.rf.9a8b06d326724914d88ff7bf7e59a19b.jpg,273,555,1487,965,metal
000017_jpg.rf.1b16bea2730faf919fea7016568d1630.jpg,660,486,907,913,glass
000017_jpg.rf.8f00dc3b244ac3116d76a494bf3d15c1.jpg,61,83,330,340,paper
000017_jpg.rf.ba2e5fa6533e4d7816d2a7e294a6d040.jpg,203,201,249,295,plastic
000017_JPG.rf.da78d08bc1a77af01c0c4c51a71f6f70.jpg,768,1860,1273,2327,paper
000018_jpg.rf.0058d47042114f3a156f9232b3a53568.jpg,142,143,240,260,plastic
000018_JPG.rf.36e111eac7cbfd6aaa50376c786844a0.jpg,949,689,1159,841,plastic
000018_JPG.rf.36e111eac7cbfd6aaa50376c786844a0.jpg,206,446,587,655,metal
000018_jpg.rf.5ed8b50a0baee1603b659c848822fa24.jpg,142,191,284,234,glass
000019_JPG.rf.84f4d33da2cd2fcf85f50f1d715a46eb.jpg,1612,892,1783,1006,plastic
000019_jpg.rf.a18fa60b6d2094c68414610227aa951d.jpg,567,532,958,955,metal
000019_jpg.rf.a18fa60b6d2094c68414610227aa951d.jpg,183,930,683,1441,plastic
000019_jpg.rf.a18fa60b6d2094c68414610227aa951d.jpg,1196,792,1412,1288,plastic
000019_jpg.rf.cdf730508ce823ef87c6ee777bf9cf1c.jpg,111,207,164,233,plastic
000019_jpg.rf.cdf730508ce823ef87c6ee777bf9cf1c.jpg,365,238,414,273,plastic
000019_jpg.rf.e4d28c72e4ca25a59b07de7d8cc87080.jpg,22,12,365,404,plastic
000020_jpg.rf.94c0d1159c8aaa257792cf2c13801ef9.jpg,45,59,361,396,paper
000020_jpg.rf.b2ba1f0d153f592d072b38bdd755df45.jpg,184,195,268,289,metal
000020_JPG.rf.ebbafb64b09f4937003dcda6b94d27ee.jpg,1701,1020,2033,1245,plastic
000021_jpg.rf.22832d293d317b13e588374218a71e00.jpg,148,196,222,228,metal
000021_jpg.rf.22832d293d317b13e588374218a71e00.jpg,215,143,263,195,paper
000021_jpg.rf.22832d293d317b13e588374218a71e00.jpg,187,311,277,337,glass
000021_jpg.rf.686ef3b74a19214af6e22e15ad692bca.jpg,113,239,233,319,plastic
000021_JPG.rf.83716ea370ecf4752af77f799e00cff8.jpg,730,308,1621,1889,plastic
000021_jpg.rf.dedb632cd4867ee95608a988ff38fee7.jpg,807,617,1576,968,glass
000021_jpg.rf.dedb632cd4867ee95608a988ff38fee7.jpg,196,677,950,1112,plastic
000021_jpg.rf.dedb632cd4867ee95608a988ff38fee7.jpg,1163,1012,1938,1515,metal
000022_JPG.rf.2142a3416365cf34993f4abb1d7d8458.jpg,1173,1084,1298,1289,paper
000022_JPG.rf.2142a3416365cf34993f4abb1d7d8458.jpg,1335,736,2164,1127,metal
000022_jpg.rf.24374a2700679021d5ab94c2ad2434e7.jpg,103,87,319,234,paper
000022_jpg.rf.6305b19f11fbdabcba40fa94e8b45bbd.jpg,188,274,284,331,plastic
000022_jpg.rf.6305b19f11fbdabcba40fa94e8b45bbd.jpg,139,38,297,242,plastic
000022_jpg.rf.6c1e872d94a0fb00c1d2b610a5c3184a.jpg,632,1017,1501,1388,glass
000023_jpg.rf.1957fc0be7e5963e79f9caa40915198d.jpg,998,945,1219,1192,metal
000023_jpg.rf.1957fc0be7e5963e79f9caa40915198d.jpg,1028,757,1219,957,metal
000023_jpg.rf.1957fc0be7e5963e79f9caa40915198d.jpg,875,1460,1096,1680,metal
000023_jpg.rf.1957fc0be7e5963e79f9caa40915198d.jpg,663,1504,925,1633,metal
000023_jpg.rf.1957fc0be7e5963e79f9caa40915198d.jpg,343,1416,687,1663,plastic
000023_jpg.rf.2c7afb3316f1734a18b8d1169b907f85.jpg,64,148,320,346,plastic
000023_jpg.rf.5aa9e0a58af86a4baa08d4bfe7513ef9.jpg,63,117,156,170,plastic
000023_JPG.rf.c65a0d2377e99a060d4cfac3b8273594.jpg,1527,1090,1961,1292,plastic
000023_JPG.rf.c65a0d2377e99a060d4cfac3b8273594.jpg,1151,824,2451,1074,plastic
000024_jpg.rf.090bff7e0ebd097734b99fa1013d587d.jpg,171,92,189,113,metal
000024_jpg.rf.5545363767994e0edf0a31ceda3dc6e5.jpg,161,213,274,316,metal
000024_jpg.rf.5ae48b6ddd7f0f7f3ba97f14717cc6c6.jpg,544,863,922,1083,metal
000024_jpg.rf.5ae48b6ddd7f0f7f3ba97f14717cc6c6.jpg,175,1418,534,1736,metal
000024_JPG.rf.f8cbab833a31156b0ba7441b9bcee081.jpg,1016,12,1502,1660,glass
000024_JPG.rf.f8cbab833a31156b0ba7441b9bcee081.jpg,1283,208,1959,2379,glass
000025_jpg.rf.27b0c7d7e6bb159099bf20cc703c2662.jpg,68,185,308,250,plastic
000025_jpg.rf.2c5a598559f4ac3e19a1a3bf2a098d4a.jpg,361,285,390,311,paper
000025_JPG.rf.815dda9504412159afed35e46b5a7bc6.jpg,1106,1267,1362,1941,glass
000025_jpg.rf.96f8a937bf9ac013ea3422706daad7f2.jpg,328,1021,804,1398,metal
000026_jpg.rf.0c461fdb6595f50eeb6fee3b8532f452.jpg,206,202,283,245,paper
000026_JPG.rf.4e2d2c91e5c4c4797ec026217430960c.jpg,1898,922,2165,1134,paper
000026_JPG.rf.4e2d2c91e5c4c4797ec026217430960c.jpg,2590,888,2965,1152,plastic
000026_JPG.rf.4e2d2c91e5c4c4797ec026217430960c.jpg,340,1316,630,1570,metal
000026_JPG.rf.4e2d2c91e5c4c4797ec026217430960c.jpg,698,895,908,1070,paper
000026_jpg.rf.7f0e1403c9665cc1ab664ca6100d6308.jpg,76,302,141,372,paper
000026_jpg.rf.7f0e1403c9665cc1ab664ca6100d6308.jpg,224,184,261,244,plastic
000026_jpg.rf.cb9edd2738736188ea9a5c1a33f2d085.jpg,508,954,1049,1292,metal
000027_jpg.rf.17f02195e9d2f6c52cf2ec29995d1190.jpg,109,197,205,271,plastic
000027_jpg.rf.78100628554443378adcc62660a75524.jpg,145,262,187,291,plastic
000027_JPG.rf.8063f46827257d27073fc88c205da226.jpg,44,1252,326,1570,metal
000027_JPG.rf.8063f46827257d27073fc88c205da226.jpg,690,1349,983,1749,metal
000027_JPG.rf.8063f46827257d27073fc88c205da226.jpg,2730,1359,3190,1688,metal
000027_jpg.rf.971b8cf615c3c0239d8d8acf9bf5e93b.jpg,657,648,1187,1418,glass
000028_jpg.rf.b86deb4fce55807f757fa2b52feba0af.jpg,90,136,283,195,paper
000028_jpg.rf.da8e70a1ce6cda35988ebe1471b0cd78.jpg,284,513,1228,1001,plastic
000028_jpg.rf.dda4470887046c5c09a97fd6b6e6d3f1.jpg,107,174,179,226,paper
000029_jpg.rf.5784f2b6c1db027a77b6dce92fe4560d.jpg,162,271,236,321,plastic
000029_jpg.rf.cf85d3fcd918116e30994de824d50752.jpg,619,858,1075,1571,metal
000029_jpg.rf.f3e792ceb992bc41415a77a69c5b93ee.jpg,16,133,54,154,plastic
000029_JPG.rf.fcf8924626cf7b9079801100444609a4.jpg,1106,893,1463,1136,metal
000029_JPG.rf.fcf8924626cf7b9079801100444609a4.jpg,1034,1798,1397,2148,metal
000030_JPG.rf.c15e0ebc324ac9b1c9789f824124ebb8.jpg,919,1332,1481,1765,paper
000030_jpg.rf.cf4fb622e9b578e660bdc9bfd12accc3.jpg,150,209,236,276,plastic
000030_jpg.rf.decccf4babe0f1d8526ce55ce0d931d0.jpg,531,983,843,1398,metal
000030_jpg.rf.e1e9870f5ac27db278018cf38e4134d4.jpg,180,158,257,228,metal
000031_jpg.rf.29e96ddf2bdb022113e103b7a75835de.jpg,147,205,411,348,glass
000031_jpg.rf.361fe414c2979c2ebc9941f147c6ad6a.jpg,445,977,880,1451,metal
000031_JPG.rf.5556409546e8d45b63abb898a841cbf0.jpg,1335,1899,1767,2264,paper
000031_jpg.rf.8c396e9a76da42438aed8a9346072d35.jpg,234,77,255,100,plastic
000032_JPG.rf.2f4a0c2e65acfb0c0bd48599204a16a5.jpg,930,1331,1673,2025,plastic
000032_jpg.rf.7133218ca5f644dad64b6936fb74201f.jpg,198,299,247,396,paper
000032_jpg.rf.8dd019d56117c6c3bfe285d764931d2f.jpg,195,160,256,240,paper
000032_jpg.rf.fee88c0ab919cec5db2c78d4cb2d2b3d.jpg,499,821,963,1163,metal
000033_JPG.rf.1a792603df082c1ffc695159498aa4eb.jpg,692,1650,902,1893,metal
000033_jpg.rf.3c607c41efea726d6b92ffdf6596d6dd.jpg,195,261,226,286,plastic
000033_jpg.rf.b651954382c3ffa0651021309555c8d9.jpg,172,155,270,261,metal
000034_jpg.rf.82ca4f12eecc7c30bea59f141d42dfb3.jpg,179,172,231,241,plastic
000034_jpg.rf.a2ab4f9fc73f9a6b8ccdde4129d1c8ea.jpg,44,263,77,344,metal
000034_JPG.rf.d6ff68db163a8b54ffcd3abf769bfe20.jpg,644,484,835,1050,glass
000034_JPG.rf.d6ff68db163a8b54ffcd3abf769bfe20.jpg,2011,1674,2426,2193,metal
000035_JPG.rf.0d4d0bd8899beca4e91a1510ceaee1fc.jpg,1368,1279,2255,1789,metal
000035_JPG.rf.0d4d0bd8899beca4e91a1510ceaee1fc.jpg,292,1898,1249,2427,metal
000035_JPG.rf.0d4d0bd8899beca4e91a1510ceaee1fc.jpg,102,1431,821,1841,plastic
000035_jpg.rf.1452f2f42d63e062ed907eaa79e8e892.jpg,101,193,261,255,plastic
000035_jpg.rf.50f05fa6ede845869668871e91e31f71.jpg,175,212,269,273,paper
000035_jpg.rf.8db8187059ccaf7094168b0fb6272c8a.jpg,40,510,646,1545,plastic
000035_jpg.rf.8db8187059ccaf7094168b0fb6272c8a.jpg,787,436,1528,1698,plastic
000036_JPG.rf.0c1ef2f74ed2d1b89a669bf5ffd06078.jpg,1721,2122,1983,2550,plastic
000036_jpg.rf.6989ea6ca94bc9345c0d3781c5524d8f.jpg,219,162,278,227,plastic
000036_jpg.rf.6989ea6ca94bc9345c0d3781c5524d8f.jpg,146,185,238,293,paper
000036_jpg.rf.da61f54af653c78b4df5c3ef1c2606d1.jpg,116,142,236,230,metal
000037_jpg.rf.313662ef20a5ccca5fc196365095bf22.jpg,150,208,197,241,paper
000037_jpg.rf.8ad39cbfee50a24f9206369a13376025.jpg,663,261,1023,757,metal
000037_jpg.rf.8ad39cbfee50a24f9206369a13376025.jpg,452,517,912,1041,metal
000037_jpg.rf.8ad39cbfee50a24f9206369a13376025.jpg,954,535,1303,1044,metal
000037_JPG.rf.93d931816a73f48ddc2f46341f3316c2.jpg,1135,1517,1297,1865,plastic
000037_jpg.rf.faf287f1243cfc2dcab9aca232abe93d.jpg,132,147,275,287,plastic
000037_jpg.rf.faf287f1243cfc2dcab9aca232abe93d.jpg,141,288,197,332,paper
000038_jpg.rf.42a1060772b6e12dea0366652ecf9817.jpg,141,198,169,260,plastic
000038_JPG.rf.d949f49ef17f034a45517c7ee5d4ccd5.jpg,1625,1566,1849,1774,plastic
000038_jpg.rf.e84ad63ee9a34f619e6bd2b41ef98607.jpg,119,160,277,248,glass
000038_jpg.rf.f495ce764fef2fedcefdf9da0b96510a.jpg,187,670,694,1159,metal
000039_JPG.rf.18085a5d84e17aca7dbc278f39f141a0.jpg,1036,1394,1306,1633,metal
000039_jpg.rf.35f589fbfaa26392393ed6370dcb7d72.jpg,80,172,301,290,glass
000039_jpg.rf.abffb6d1a849a745b7323aa5402ea595.jpg,166,229,225,270,paper
000040_jpg.rf.4e71645b58f3690e9fb7c065df60327c.jpg,136,215,199,275,metal
000040_jpg.rf.70a4d78ca394877e9ecd43e10e3ec9ab.jpg,263,392,721,694,metal
000040_jpg.rf.acee0a18ebd6288ce78e384562c3071c.jpg,164,224,219,276,paper
000040_JPG.rf.fc1bb55b2d7de403f691406d979da825.jpg,1283,955,1544,1136,plastic
000041_jpg.rf.92043de1d993c43f5aa9b77afd2f1d63.jpg,127,166,195,304,plastic
000041_jpg.rf.a45728032928eb56e55b61ebf7d5a5a0.jpg,134,205,206,267,paper
000041_JPG.rf.b9c7187161b371d475b9cd1e1e8d1e9a.jpg,1472,1727,1803,2136,metal
000042_jpg.rf.01523622698a610b1e98c82007f8d91f.jpg,625,641,952,892,metal
000042_jpg.rf.01523622698a610b1e98c82007f8d91f.jpg,1156,626,1547,995,metal
000042_jpg.rf.04f62abf4f94222669321580b8270762.jpg,100,184,225,289,plastic
000042_JPG.rf.3540075c32a95902f389fb56efabf3da.jpg,920,1876,1318,2367,metal
000042_jpg.rf.50f2d9c09c3129b84f2ef041e24b38c0.jpg,208,215,263,265,paper
000043_jpg.rf.4d513b8ca4c5a243fcfb10ad7d3d3052.jpg,227,229,280,281,plastic
000043_jpg.rf.89692ae77bf2b39f40254f4998e61121.jpg,536,270,1434,1452,metal
000043_JPG.rf.97b188ae84207f3ee32e795188a04d0d.jpg,1049,1184,1449,1465,metal
000043_jpg.rf.dcc353439f9822c87e9addf87786a0bd.jpg,168,203,208,266,plastic
000044_jpg.rf.215bd723ad8d987f75dd33f33fbf2c00.jpg,147,192,214,256,metal
000044_JPG.rf.62df54827e28b5224339874dad868241.jpg,1778,1222,2188,1474,plastic
000044_jpg.rf.b397d82ddd718a92bb3e8adc6d0cbea7.jpg,163,222,203,263,paper
000045_jpg.rf.35d41e4cce69c5e3fdf60eba5fd9f01e.jpg,84,269,133,312,plastic
000045_jpg.rf.455034f3fb1f0f78b617ba0d877dea3c.jpg,352,444,892,948,metal
000045_jpg.rf.455034f3fb1f0f78b617ba0d877dea3c.jpg,1130,346,1616,970,metal
000045_jpg.rf.a3ae271406456c4ad09b79565c688343.jpg,168,200,234,244,paper
000046_JPG.rf.c5f7cb4aba7aaca4f6386737a180f353.jpg,999,1541,1228,1717,metal
000047_jpg.rf.07bed9ecc70954519a440edb39ffa37f.jpg,95,106,239,221,plastic
000047_jpg.rf.07bed9ecc70954519a440edb39ffa37f.jpg,219,273,259,312,metal
000047_JPG.rf.72be7e73ce0d387830038342f92e0d6d.jpg,637,2450,1118,2736,paper
000047_jpg.rf.c04a677ec28e0c24aaeec39f894b1fe2.jpg,169,199,232,267,metal
000047_jpg.rf.c04a677ec28e0c24aaeec39f894b1fe2.jpg,228,189,283,289,metal
000047_jpg.rf.e449cc43414312bd60753116ff1cd5b9.jpg,184,777,1870,1317,plastic
000047_jpg.rf.e449cc43414312bd60753116ff1cd5b9.jpg,275,26,926,719,metal
000048_JPG.rf.192e18b148d3faf4514fd896eb5e5326.jpg,1199,1503,1509,1836,paper
000048_jpg.rf.2381f52a308a97ca3ee02325e2c93824.jpg,148,10,637,1424,glass
000048_jpg.rf.2381f52a308a97ca3ee02325e2c93824.jpg,524,624,890,1444,glass
000048_jpg.rf.2381f52a308a97ca3ee02325e2c93824.jpg,924,597,1122,784,plastic
000048_jpg.rf.2381f52a308a97ca3ee02325e2c93824.jpg,1495,452,1957,1444,plastic
000048_jpg.rf.d1fe2466217a45a9b771617022ee7c18.jpg,160,140,306,215,plastic
000048_jpg.rf.de00f8d19645a2ddeb2c60fa6cbee63f.jpg,70,139,318,393,plastic
000049_jpg.rf.0c8e5b44339feb4cc686ebbd443732c3.jpg,210,100,308,313,plastic
000049_jpg.rf.272258d1d7994ce7f1064abf6690dc20.jpg,341,436,950,1295,metal
000049_jpg.rf.3dc5ad8a124f2516da33d49496ff55dc.jpg,11,348,77,407,paper
000049_JPG.rf.e209e826a07c82e6068790992a260120.jpg,1177,938,1459,1077,plastic
000050_jpg.rf.10dfca50c92084c90bd0ec9b2b5fbaed.jpg,134,122,269,356,glass
000050_jpg.rf.2e801127ca66b17e472bca68800afb40.jpg,612,857,1537,1638,metal
000050_JPG.rf.db57f41c8e36c19a476b085e91bcf3d7.jpg,999,1089,1309,1660,plastic
000051_JPG.rf.6539945e2a3c2ed0824526617798b26c.jpg,1314,731,1552,946,plastic
000051_jpg.rf.92178b1d22661dc4a10ffe6bfd5b4277.jpg,257,321,302,379,plastic
000051_jpg.rf.92178b1d22661dc4a10ffe6bfd5b4277.jpg,280,69,351,109,paper
000051_jpg.rf.b4ca307c76db86f30e337b25e9fa54cd.jpg,236,214,289,269,plastic
000052_jpg.rf.25b847f3b003bf3d15c848751ee6c4e3.jpg,129,204,229,311,paper
000052_JPG.rf.9d27271635175c59e9509c7f70d87801.jpg,933,2084,1661,2179,plastic
000052_jpg.rf.a786dd2b6c05e8ffdb102af2b2e11be1.jpg,97,153,295,297,plastic
000053_jpg.rf.58742b4cc98ffea73836546c05bc1547.jpg,347,566,1303,1371,glass
000053_jpg.rf.6767a8e4466955cd84a41f391e4aef80.jpg,178,135,299,289,plastic
000053_JPG.rf.8bab99ebbbad46087e65e6c47f7fdaf0.jpg,1561,755,2014,1022,plastic
000054_jpg.rf.24392ce9c7bd1720c838a311c17f958e.jpg,177,212,251,269,plastic
000054_jpg.rf.3fa00c0cefb8d7fac889afd3fbfff716.jpg,127,874,730,1724,plastic
000054_jpg.rf.3fa00c0cefb8d7fac889afd3fbfff716.jpg,603,245,980,863,plastic
000054_JPG.rf.76b2370020ef79a2e46989421daa1133.jpg,947,1660,1409,2141,metal
000055_JPG.rf.0ba25c38ed10af00810dda648d2461a0.jpg,1266,2041,1466,2274,metal
000055_jpg.rf.44eeba23c4e8813b50a409ad8fb34ad0.jpg,453,563,977,1560,metal
000055_jpg.rf.58e1c338ac4aa308d78ceb9b8e93d7ee.jpg,103,53,270,175,paper
000055_jpg.rf.819465c234876c06ce66ea2fc9c9b2d6.jpg,125,167,341,300,plastic
000056_jpg.rf.0d4d304fd2f03ba889305fb9ff43394b.jpg,96,149,276,272,plastic
000056_jpg.rf.59f517d36d5603cf93fab05fe19eaf51.jpg,421,492,1174,1513,plastic
000056_jpg.rf.95e52796966f772775c4d95c5c3d62ac.jpg,88,39,270,135,plastic
000056_JPG.rf.dfcd12c23a39c09df1dd428915deb8f6.jpg,718,1379,1128,1884,plastic
000057_jpg.rf.090b69a8cf99e176436fb111a65e81c9.jpg,220,245,381,335,plastic
000057_JPG.rf.149bf40f203756af065d76c89db81c27.jpg,1080,970,1299,1189,plastic
000057_jpg.rf.36c41aa6a8b0706bcdabbc74693ca82b.jpg,129,165,338,294,plastic
000058_jpg.rf.04df31ce152c94461e36817d87803047.jpg,189,175,277,281,paper
000058_JPG.rf.4ca01dd26d4560668e688cef86d9991b.jpg,1133,1160,1375,1527,plastic
000059_jpg.rf.8a05b618a5d7b50ee78f9014a0f0b85f.jpg,155,166,223,222,paper
000059_JPG.rf.924270bb72369c33953e656b40325fbd.jpg,790,1479,1128,1779,paper
000059_jpg.rf.acd795453e9adb3e6722da8075e66b05.jpg,176,85,273,252,plastic
000059_jpg.rf.e9dd8b4e994229ab3e92710b6cc8e4af.jpg,586,966,1027,1477,metal
000059_jpg.rf.e9dd8b4e994229ab3e92710b6cc8e4af.jpg,630,663,977,968,plastic
000060_JPG.rf.484b7b820b45a4f99f2657b9e9179be9.jpg,1339,884,1624,1091,paper
000060_jpg.rf.81ffb8074efac19d9e5262ef20bfb798.jpg,178,153,216,305,plastic
000060_jpg.rf.9f232ad79a42efbeb938398e8867ad51.jpg,114,135,239,277,plastic
000061_JPG.rf.5d8e6c70d07936c222d0513ae3ab920f.jpg,1574,1384,1807,1577,paper
000061_jpg.rf.c09706e87e6b429d4069e8bddb554c44.jpg,300,748,821,1663,metal
000061_jpg.rf.d9ca75b67361d9fcc54b1c8962457f19.jpg,105,164,277,313,paper
000061_jpg.rf.e15cc3e3cd9bc8fb042b83bfaae11857.jpg,161,99,260,251,plastic
000062_jpg.rf.606ca7944ce7d2b7f87f8ab0d1840baf.jpg,127,22,191,62,plastic
000062_jpg.rf.606ca7944ce7d2b7f87f8ab0d1840baf.jpg,235,255,343,398,plastic
000062_JPG.rf.6b330fe3640fd645f556b593287bd5b5.jpg,852,641,1471,1022,metal
000062_JPG.rf.6b330fe3640fd645f556b593287bd5b5.jpg,475,1393,975,1946,plastic
000062_jpg.rf.acdd0f27e3fcc9d7a86af6b9c7e22d79.jpg,115,150,228,209,paper
000062_jpg.rf.acdd0f27e3fcc9d7a86af6b9c7e22d79.jpg,99,217,246,311,plastic
000062_JPG.rf.d6fb3faeeeebdde7bc81cac72f5f2667.jpg,1685,816,1953,1102,metal
000063_jpg.rf.52308eca5e26989dbf3d5d54da6e7dc4.jpg,136,171,227,245,paper
000063_JPG.rf.c34b95fa0c610f82e3cada41a46d5f95.jpg,1546,1509,1785,1645,metal
000063_jpg.rf.d1a3a30f3844145e3301b8899b07fac8.jpg,224,223,242,249,paper
000064_JPG.rf.82e6a02e0c40403343b8b5d42eb828be.jpg,775,1036,1571,1655,plastic
000064_jpg.rf.a1cc41f6879e58b49881a28cd5ea539c.jpg,121,151,289,298,paper
000064_JPG.rf.a76010b9e4374502cab5dc7a4bf721ab.jpg,64,1438,389,1845,paper
000064_jpg.rf.d848c83989a9551ef394ff479572f411.jpg,157,157,282,277,paper
000065_JPG.rf.8ffc3e122419146e7016bcefe3df02fc.jpg,628,1541,1323,1946,plastic
000065_jpg.rf.adefa5b0d326eea9e928516289993384.jpg,124,140,264,263,plastic
000065_jpg.rf.db526887a8a626cbec62106baf05c712.jpg,179,187,254,293,metal
000065_JPG.rf.e06e729d4af3f1e6a87e4fa2435cc782.jpg,2228,438,2674,1184,paper
000065_JPG.rf.e06e729d4af3f1e6a87e4fa2435cc782.jpg,1382,1238,2064,1966,metal
000066_jpg.rf.4cd79288b17ea0efdc2d548acfaeb4cb.jpg,214,170,308,320,plastic
000066_JPG.rf.4d451656ce9628a9eb263c2b47828227.jpg,367,1109,1603,2131,paper
000066_jpg.rf.75f8981fccaeeb5214198ca1b0011e4e.jpg,65,162,271,279,plastic
000067_JPG.rf.2758d801c66557b16af99505fcadeca8.jpg,1446,1113,2053,1491,paper
000067_jpg.rf.8746caea06137e0d921d481470170ef3.jpg,171,258,240,291,metal
000067_JPG.rf.88f9c6d648c46d0a3195d049c83b8b3d.jpg,314,1293,1509,2289,paper
000067_jpg.rf.a9517e2a94617e0eb350cc2dedc84fa7.jpg,150,192,236,297,plastic
000068_jpg.rf.454129fcb1f7c7d009626ba0adddc8b3.jpg,155,203,238,254,plastic
000068_JPG.rf.8ad38475b9ee36d5d972e3f3105dba6e.jpg,1495,1650,1699,1898,paper
000068_JPG.rf.8ad38475b9ee36d5d972e3f3105dba6e.jpg,742,1146,1056,1570,paper
000068_JPG.rf.8ad38475b9ee36d5d972e3f3105dba6e.jpg,585,1589,909,2050,paper
000068_JPG.rf.b6d34dfe4b896d0c753385ca4c3072a3.jpg,866,1703,1733,2065,plastic
000068_jpg.rf.f0ac438ac2d888e854e2b6292484f6b7.jpg,144,191,221,238,metal
000069_jpg.rf.46d560bf60ef856322d7dfbf2d0fbbbb.jpg,58,150,332,294,metal
000069_JPG.rf.4769df06d950594f211723a5fb04c972.jpg,971,1102,1792,1624,paper
000069_JPG.rf.754c7034631beace810600af537cf1d3.jpg,1014,1641,1471,2041,paper
000069_jpg.rf.cb1b72feff05a77571afa6dcdcccc334.jpg,110,89,246,367,plastic
000070_JPG.rf.002423292827c0192719e23f3ee1d20a.jpg,935,1495,1317,1966,plastic
000070_JPG.rf.ac12be75acbb1f1fca8f1947860d0da1.jpg,971,1046,1404,1717,metal
000070_jpg.rf.b047a475b7f68a21260af3a9000acf42.jpg,102,212,345,257,plastic
000070_jpg.rf.b72d2081548c4410e01638f1713062dc.jpg,149,216,273,242,plastic
000071_jpg.rf.03e05c930100da1c0facea5f23b89f7d.jpg,210,188,241,223,plastic
000071_jpg.rf.0f771105c36a967b8532d02db90a47df.jpg,160,103,217,158,plastic
000071_JPG.rf.2b5d02a4e6c70c644358c781ec3d1faa.jpg,1014,1355,1561,2008,paper
000071_JPG.rf.71712e41ac49488b771991daa54266a9.jpg,1056,2150,1414,2593,plastic
000072_JPG.rf.15eda39142f329e131b4f7b7a8524e6c.jpg,671,1322,1423,1922,plastic
000072_JPG.rf.15eda39142f329e131b4f7b7a8524e6c.jpg,37,1422,785,2374,paper
000072_jpg.rf.390f3117daa887331568b07f96fbd893.jpg,21,230,149,343,paper
000072_JPG.rf.694e1d668b22358432288e9027607c66.jpg,2089,1406,2328,1556,plastic
000072_jpg.rf.94042e6b9b6418ed601c5b245790afcc.jpg,43,225,138,290,plastic
000072_jpg.rf.94042e6b9b6418ed601c5b245790afcc.jpg,149,183,263,252,plastic
000073_JPG.rf.145dc63ae9acd801448a99fe37a03c94.jpg,847,755,1461,1593,metal
000073_jpg.rf.6842cbbd47a4deaa5efba665912652c5.jpg,178,175,266,253,paper
000073_jpg.rf.89b23fe20d196ec2e09be07f273d97f6.jpg,177,190,282,251,paper
000073_JPG.rf.b7b3da44f9a28163038e7d3429b67b27.jpg,875,1650,1428,2208,paper
000074_JPG.rf.47a9151525777468c44e8691f29e6789.jpg,1067,684,1239,1188,glass
000074_JPG.rf.47a9151525777468c44e8691f29e6789.jpg,1296,1145,1410,1370,plastic
000074_JPG.rf.67fca822f9b1926b356922af64e583f4.jpg,1233,1860,1399,2193,paper
000074_jpg.rf.8aa73efb149a020c7c5397c454598483.jpg,97,253,209,347,paper
000074_jpg.rf.ec9d0227c327aae1a43d1ece31927667.jpg,198,217,248,267,paper
000075_JPG.rf.56a161638e45d3d42c88e751bae4ff44.jpg,1028,881,1382,1202,metal
000075_jpg.rf.70594fffc48d625deb65ece444d3696c.jpg,144,265,222,351,plastic
000075_jpg.rf.bd32d52408fa0d543d2c48baacf7404c.jpg,169,204,241,265,metal
000076_jpg.rf.175c02bcb8e9c7b877f0e092de470156.jpg,255,207,329,282,metal
000076_JPG.rf.a0b9ad753a233efb6df431527a468297.jpg,533,1836,1075,2360,plastic
000076_JPG.rf.a119806e7929c22e2c21ee95d0913e0d.jpg,1578,838,2067,1524,plastic
000076_jpg.rf.b9b869ca9da200bf355acbf878fd5893.jpg,126,229,216,265,paper
000077_jpg.rf.37455f94e58126e1310cae690bdf8e25.jpg,169,27,367,150,plastic
000077_jpg.rf.7107bcb67410ae43090bc6c4644d2e01.jpg,121,231,343,325,plastic
000077_JPG.rf.e9b90c05e5361fe7c9eeb5f3c644a975.jpg,504,593,1499,2427,paper
000078_JPG.rf.11fe3fdd9daf4c106fd15d42463088c9.jpg,380,893,1666,2746,paper
000078_jpg.rf.7bbd087a733dfd7a22418dab6e9d0bce.jpg,178,288,236,325,plastic
000078_jpg.rf.f28c5c7961f5d92ad58e2cab69afbb60.jpg,113,150,201,263,metal
000079_JPG.rf.0d7e0fb2df1f2aaa5b5c3966ccf931b1.jpg,414,1108,1875,2503,paper
000079_JPG.rf.0f2718510c3e0e2a18fbc4e7d4883d61.jpg,1090,1560,1275,1874,metal
000079_JPG.rf.0f2718510c3e0e2a18fbc4e7d4883d61.jpg,799,2236,1066,2684,paper
000079_jpg.rf.29fa0266416a159608cf24b4e72c0b6a.jpg,199,195,321,300,plastic
000079_jpg.rf.b2d3b1c6905651b9cf1d939eafd87a52.jpg,167,213,248,260,plastic
000080_jpg.rf.905783efbe74ab1c175fa94d5697d4e0.jpg,226,217,268,252,paper
000080_JPG.rf.993f9dbfdbb7c771b54270554b538de5.jpg,1375,2041,1718,2350,metal
000080_jpg.rf.bfa237d8070193b4cb690ae88b747d0f.jpg,159,126,239,272,plastic
000081_jpg.rf.3324339669b6639069474cead9b2d18a.jpg,224,173,273,228,paper
000081_JPG.rf.a35d5c0eaa37af2f138eb0e1e2401329.jpg,628,1955,1199,2246,glass
000081_jpg.rf.ddc70e72bf7f39fce3a6892c203459f3.jpg,141,172,391,248,glass
000081_jpg.rf.ddc70e72bf7f39fce3a6892c203459f3.jpg,320,277,416,349,glass
000081_jpg.rf.ddc70e72bf7f39fce3a6892c203459f3.jpg,283,184,416,325,glass
000081_JPG.rf.ea3619a1163b1494d458dbd578f58523.jpg,985,1622,1480,2055,plastic
000082_JPG.rf.00a21c7095239899701f24df09060248.jpg,933,1398,1471,1884,paper
000082_jpg.rf.6b6f7ad63a90f9d9d860b803e99ec49a.jpg,161,196,198,237,metal
000082_jpg.rf.aa55332900465a30687548c20145a4e4.jpg,184,170,282,317,paper
000082_JPG.rf.f4ab7cd5eb7f3f2eaec22644a49b4280.jpg,1242,1255,1514,1684,glass
000082_JPG.rf.f4ab7cd5eb7f3f2eaec22644a49b4280.jpg,1980,889,2256,1308,glass
000083_jpg.rf.249c5fa4724ca90ecd2ad773286ea1ac.jpg,289,231,328,274,plastic
000083_JPG.rf.9d1f623c8bef60b865c9c20abfd54386.jpg,1075,1441,1442,1741,paper
000083_JPG.rf.9d560f08f9052b58d3e4d55b076c2cca.jpg,737,903,1814,1493,plastic
000083_jpg.rf.d2118dfada822631307421d62fc27a7d.jpg,130,119,337,291,paper
000084_jpg.rf.0b52fe6d752013618857704318aab583.jpg,201,214,253,242,paper
000084_JPG.rf.92caefae2de3a94bbab6df88bdf33dc8.jpg,939,79,1109,352,plastic
000084_JPG.rf.942837bfb405ac2730506b6f511f608e.jpg,718,2179,1390,2703,plastic
000084_JPG.rf.942837bfb405ac2730506b6f511f608e.jpg,990,393,1314,565,metal
000084_JPG.rf.942837bfb405ac2730506b6f511f608e.jpg,1866,250,2061,441,metal
000084_jpg.rf.f44a770ba1b45b5390f90e977e147578.jpg,126,113,188,323,glass
000084_jpg.rf.f44a770ba1b45b5390f90e977e147578.jpg,210,48,261,283,glass
000085_jpg.rf.3474819b7c82c49b380fcdf478766207.jpg,174,298,210,334,plastic
000085_JPG.rf.3a330c761f605d89e6574aebf45e90a1.jpg,799,1217,1790,1589,plastic
000085_JPG.rf.6601a3f912670beac53085714278db85.jpg,1309,860,1537,1522,plastic
000086_jpg.rf.21d6c190ab94e71b2f49fb97de73d378.jpg,148,131,211,176,plastic
000086_JPG.rf.2b89cfe42c327e4eea7d99d8c5fa456e.jpg,1290,641,1675,950,metal
000086_JPG.rf.a9c84c634a161dec85f5ca62fff0d0b7.jpg,1218,998,1685,1679,plastic
000087_JPG.rf.468a151affd32005f62c675d8e1bb714.jpg,1023,1174,1361,1498,paper
000087_jpg.rf.690ec33d4afb8bd8fe24d397b278fa19.jpg,188,198,248,257,metal
000088_JPG.rf.0b5b57682430c8c107553f91bf24be8e.jpg,195,1565,1171,2450,metal
000088_JPG.rf.0b5b57682430c8c107553f91bf24be8e.jpg,1818,979,2390,1455,metal
000088_JPG.rf.0b5b57682430c8c107553f91bf24be8e.jpg,1666,1389,2128,2289,glass
000088_jpg.rf.9728d1367ea3ab96892d07a6bc662ec3.jpg,168,178,213,228,plastic
000088_JPG.rf.e947547f0688564d69784cf4b067cc05.jpg,1556,1308,1899,1903,plastic
000089_jpg.rf.2260e83c8296b37a3532392442fe36ff.jpg,277,172,370,342,paper
000089_JPG.rf.950dfd2b9380d77f7e5e80a9ff068b5d.jpg,1621,856,2282,1041,plastic
000090_JPG.rf.bc3088c0d0847041b9a2274937af9057.jpg,1492,1552,1974,1752,plastic
000090_JPG.rf.c97c3949f635efcdd64c34a3507e0843.jpg,552,408,1618,1641,metal
000090_jpg.rf.ec22543b6e14ec1cac1f5a0013bb863d.jpg,138,196,168,239,paper
000091_jpg.rf.1c2835b63b19d5c0af7a27129abfbb2f.jpg,191,215,243,254,plastic
000091_JPG.rf.54bec092812303b6db4922bdb9945a4f.jpg,2617,856,3224,1359,metal
000091_JPG.rf.6ab34e036290bbab1a78573b63cfb996.jpg,1532,1363,2082,1609,plastic
000092_JPG.rf.41d0b245d0c489dfc1914d665a7e5e62.jpg,137,660,1409,1779,paper
000092_JPG.rf.41d0b245d0c489dfc1914d665a7e5e62.jpg,1556,865,2161,1508,paper
000092_JPG.rf.f79df099c5856824fcd647d2767596c7.jpg,1342,916,1746,1306,paper
000092_jpg.rf.ffe152373a93f35fe9e4e95baa88cf63.jpg,163,196,228,238,paper
000093_JPG.rf.664f76e5289f311393e8e9388334022d.jpg,1266,1836,1885,2479,plastic
000093_JPG.rf.80736b0d6e3659f91445ad3fce4c95e4.jpg,1118,1760,1233,1855,plastic
000093_jpg.rf.8d536f36e117812a1ef369c7b67f0635.jpg,161,202,218,231,glass
000094_JPG.rf.a30f2b512b80a5829b54518071bcce59.jpg,428,1812,1690,2470,plastic
000094_JPG.rf.b6241bd0418850c0ca1916017d039774.jpg,1521,966,2207,1452,plastic
000094_jpg.rf.ffade2ec7e41ef7d1fe564591764eb43.jpg,223,201,276,255,plastic
000095_jpg.rf.5a1e9f2f9e387ba2f2c8155b8410656e.jpg,167,276,231,310,paper
000095_JPG.rf.6a841ed816f96a34eaaba03356885682.jpg,1489,688,2067,1227,plastic
000095_JPG.rf.e753a5b2a9e39abe1223dd53e3e1cc3b.jpg,747,927,2328,3079,plastic
000096_JPG.rf.81524839612961c65378b67c9944af85.jpg,1082,1031,1457,1431,paper
000096_jpg.rf.9a4acf1ff6f712d135693810d6776ba6.jpg,123,310,258,381,glass
000096_JPG.rf.bb1e71a6719d5b92c64747e681d3193a.jpg,690,922,1823,1965,plastic
000097_jpg.rf.5ee362e58370980eb351d337f6409ef4.jpg,195,281,240,316,plastic
000097_jpg.rf.5ee362e58370980eb351d337f6409ef4.jpg,245,223,338,303,glass
000097_JPG.rf.f5d6b5572b60dba12a4b39a6af33ac05.jpg,1728,731,2047,1208,paper
000098_JPG.rf.11ffd21ae91ef5ba3c82ec792c0f0b60.jpg,1028,1012,1214,1227,metal
000098_jpg.rf.293ef58f232e1d7f69675e47277df69f.jpg,193,204,222,234,paper
000098_JPG.rf.a5665b7913007535189b824dfb05aedc.jpg,556,965,1028,1803,plastic
000099_JPG.rf.39fa14946e0ae5cf85c07ed1af0c3d00.jpg,1099,1027,1680,1436,plastic
000099_jpg.rf.553bd2f567aead09fa6ce582ee1f1fdb.jpg,166,214,260,281,plastic
000099_JPG.rf.c2ef3af6f95642fde1e1f26c70bc8726.jpg,766,1698,1256,2160,plastic
000100_JPG.rf.09ba700d952797e7bcc046066f1758d4.jpg,918,555,1580,1284,paper
000101_JPG.rf.a7c1b7e330f8e26da6f5e66603e76bf6.jpg,366,993,1961,2531,glass
000102_JPG.rf.3c36d45336bb9af4b54cb2ac29766390.jpg,818,350,2066,1279,paper
000104_JPG.rf.332a5aa47edc75e29cc9a26b80635198.jpg,1246,416,1649,616,metal
000104_JPG.rf.332a5aa47edc75e29cc9a26b80635198.jpg,660,1263,1796,2206,metal
000104_JPG.rf.332a5aa47edc75e29cc9a26b80635198.jpg,1449,1049,1860,1345,metal
000104_JPG.rf.332a5aa47edc75e29cc9a26b80635198.jpg,2135,1899,2503,2127,plastic
000105_JPG.rf.a330a129113c4f5f88b610530a971012.jpg,842,1050,2018,2536,plastic
000106_JPG.rf.dc2345e3176c7524cfdbb42983dd3db0.jpg,618,1608,1333,1917,paper
000106_JPG.rf.dc2345e3176c7524cfdbb42983dd3db0.jpg,890,2755,1275,3189,paper
000107_JPG.rf.8e2873181ee1acfb953a1ef5f3506bda.jpg,1985,1546,2399,2136,metal
000108_JPG.rf.a2d50edbe09c14b390aeabac181f2e0f.jpg,1118,1589,1575,2141,plastic
000110_JPG.rf.1234fd1e36c337e944e129929f83d0db.jpg,652,465,890,870,plastic
000111_JPG.rf.927d622eef402872a82857c9023d8dc8.jpg,399,1836,656,2174,metal
000111_JPG.rf.927d622eef402872a82857c9023d8dc8.jpg,795,1817,1114,2260,plastic
000111_JPG.rf.927d622eef402872a82857c9023d8dc8.jpg,842,2308,1137,2631,metal
000115_JPG.rf.427cc9deffec8a9b16bf0afcad140b25.jpg,235,524,1089,827,plastic
000115_JPG.rf.427cc9deffec8a9b16bf0afcad140b25.jpg,1542,1070,2060,1634,paper
000115_JPG.rf.427cc9deffec8a9b16bf0afcad140b25.jpg,2264,731,2728,966,metal
000117_JPG.rf.792aeeed8617c75c61e6ca1c5a433dae.jpg,1604,731,1909,1270,paper
000118_JPG.rf.7210ba6eef46f0727afbc548098fee07.jpg,866,1260,1152,1531,plastic
000120_JPG.rf.520a1f3428c6ebd24d3fdd103082afc0.jpg,595,1170,1961,2074,plastic
000121_JPG.rf.cf0d71db1bc87ad39a55c0a70bbbd0a0.jpg,633,2070,990,2327,plastic
000122_JPG.rf.257323c30f94a7c71f2db4613eb8bac5.jpg,618,1765,880,1898,metal
000124_JPG.rf.11c5626f03313f2a2700d2131bbee98e.jpg,828,2017,1437,2674,metal
000127_JPG.rf.fd5002b407acccd8ae1e918c23cf7b91.jpg,18,1674,847,2422,metal
000127_JPG.rf.fd5002b407acccd8ae1e918c23cf7b91.jpg,904,1198,1714,1841,metal
000127_JPG.rf.fd5002b407acccd8ae1e918c23cf7b91.jpg,709,1593,2342,3264,plastic
000128_JPG.rf.eb71904df1426bfc208c7f961ae52d22.jpg,1571,370,2109,865,metal
000128_JPG.rf.eb71904df1426bfc208c7f961ae52d22.jpg,1961,984,2447,1565,metal
000128_JPG.rf.eb71904df1426bfc208c7f961ae52d22.jpg,885,1512,2442,2908,glass
000128_JPG.rf.eb71904df1426bfc208c7f961ae52d22.jpg,1147,779,1714,1236,metal
000128_JPG.rf.eb71904df1426bfc208c7f961ae52d22.jpg,156,1360,1214,2627,paper
000129_JPG.rf.eb4bb302dd9580081c49afc5465f58ce.jpg,571,1160,880,1546,metal
000129_JPG.rf.eb4bb302dd9580081c49afc5465f58ce.jpg,995,903,1418,1584,paper
000129_JPG.rf.eb4bb302dd9580081c49afc5465f58ce.jpg,623,1589,1852,2622,paper
000129_JPG.rf.eb4bb302dd9580081c49afc5465f58ce.jpg,423,612,942,984,paper